{"frameRate":24,"name":"faka","armature":[{"name":"fakaku/idle","bone":[{"transform":{"scX":1,"skX":0,"x":4,"scY":1,"y":-781.5,"skY":0},"name":1},{"transform":{"scX":1,"skX":0,"x":-3,"scY":1,"y":-1038.5,"skY":0},"name":2},{"transform":{"scX":0.3,"skX":0,"x":4.45,"scY":0.53,"y":-25.95,"skY":0},"name":4},{"transform":{"scX":-1,"skX":180,"x":-0.9,"scY":1,"y":-48.95,"skY":-180},"name":3},{"transform":{"scX":0.3,"skX":0,"x":4.45,"scY":0.53,"y":-25.95,"skY":0},"name":6},{"transform":{"scX":-1,"skX":180,"x":5,"scY":1,"y":-62,"skY":-180},"name":5},{"transform":{"scX":0.3,"skX":0,"x":4.45,"scY":0.53,"y":-25.95,"skY":0},"name":8},{"transform":{"scX":1,"skX":180,"x":8.1,"scY":1,"y":-43.95,"skY":180},"name":7},{"transform":{"scX":0.3,"skX":0,"x":4.45,"scY":0.53,"y":-25.95,"skY":0},"name":10},{"transform":{"scX":-1,"skX":0,"x":9.1,"scY":1,"y":-45.95,"skY":0},"name":9},{"transform":{"scX":0.3,"skX":0,"x":4.45,"scY":0.53,"y":-25.95,"skY":0},"name":12},{"transform":{"scX":1,"skX":0,"x":0,"scY":1,"y":-117,"skY":0},"name":11},{"transform":{"scX":0.3,"skX":0,"x":4.45,"scY":0.53,"y":-25.95,"skY":0},"name":14},{"transform":{"scX":1,"skX":0,"x":-5,"scY":1,"y":-41.35,"skY":0},"name":13},{"transform":{"scX":1,"skX":0,"x":4,"scY":1,"y":-21.5,"skY":0},"name":15}],"skin":[{"slot":[{"name":1,"z":0,"display":[{"transform":{"pY":217.5,"scX":1,"x":0,"scY":1,"y":0,"skX":0,"pX":239,"skY":0},"name":"fakaku/fk_3","type":"image"}],"parent":1},{"name":2,"z":1,"display":[{"transform":{"pY":80.5,"scX":1,"x":0,"scY":1,"y":0,"skX":0,"pX":194,"skY":0},"name":"fakaku/fk_1","type":"image"}],"parent":2},{"name":4,"z":2,"display":[{"transform":{"pY":247.5,"scX":1,"x":0,"scY":1,"y":0,"skX":0,"pX":269,"skY":0},"name":"fakaku/fk_2","type":"image"}],"parent":4},{"name":3,"z":3,"display":[{"transform":{"pY":218.95,"scX":1,"x":0,"scY":1,"y":0,"skX":0,"pX":142.35,"skY":0},"name":"fakaku/fk_4","type":"image"}],"parent":3},{"name":6,"z":4,"display":[{"transform":{"pY":247.5,"scX":1,"x":0,"scY":1,"y":0,"skX":0,"pX":269,"skY":0},"name":"fakaku/fk_2","type":"image"}],"parent":6},{"name":5,"z":5,"display":[{"transform":{"pY":65.65,"scX":1,"x":0,"scY":1,"y":0,"skX":0,"pX":79.95,"skY":0},"name":"fakaku/fk_5","type":"image"}],"parent":5},{"name":8,"z":6,"display":[{"transform":{"pY":247.5,"scX":1,"x":0,"scY":1,"y":0,"skX":0,"pX":269,"skY":0},"name":"fakaku/fk_2","type":"image"}],"parent":8},{"name":7,"z":7,"display":[{"transform":{"pY":218.95,"scX":1,"x":0,"scY":1,"y":0,"skX":0,"pX":142.35,"skY":0},"name":"fakaku/fk_4","type":"image"}],"parent":7},{"name":10,"z":8,"display":[{"transform":{"pY":247.5,"scX":1,"x":0,"scY":1,"y":0,"skX":0,"pX":269,"skY":0},"name":"fakaku/fk_2","type":"image"}],"parent":10},{"name":9,"z":9,"display":[{"transform":{"pY":218.95,"scX":1,"x":0,"scY":1,"y":0,"skX":0,"pX":142.35,"skY":0},"name":"fakaku/fk_4","type":"image"}],"parent":9},{"name":12,"z":10,"display":[{"transform":{"pY":247.5,"scX":1,"x":0,"scY":1,"y":0,"skX":0,"pX":269,"skY":0},"name":"fakaku/fk_2","type":"image"}],"parent":12},{"name":11,"z":11,"display":[{"transform":{"pY":65.65,"scX":1,"x":0,"scY":1,"y":0.05,"skX":0,"pX":79.95,"skY":0},"name":"fakaku/fk_5","type":"image"}],"parent":11},{"name":14,"z":12,"display":[{"transform":{"pY":247.5,"scX":1,"x":0,"scY":1,"y":0,"skX":0,"pX":269,"skY":0},"name":"fakaku/fk_2","type":"image"}],"parent":14},{"name":13,"z":13,"display":[{"transform":{"pY":218.95,"scX":1,"x":0.05,"scY":1,"y":0,"skX":0,"pX":142.35,"skY":0},"name":"fakaku/fk_4","type":"image"}],"parent":13},{"name":15,"z":14,"display":[{"transform":{"pY":247.5,"scX":1,"x":0,"scY":1,"y":0,"skX":0,"pX":269,"skY":0},"name":"fakaku/fk_2","type":"image"}],"parent":15}],"name":"default"}],"animation":[{"autoTween":1,"timeline":[{"name":1,"scale":1,"frame":[{"z":0,"duration":3,"transform":{"pY":0,"scX":1,"x":4,"scY":1,"y":-781.5,"skX":0,"pX":0,"skY":0},"colorTransform":{"bO":0,"aM":0,"rM":100,"aO":0,"gM":100,"rO":0,"bM":100,"gO":0},"tweenEasing":0},{"z":0,"duration":3,"transform":{"pY":0,"scX":1,"x":4,"scY":1,"y":-211.5,"skX":0,"pX":0,"skY":0},"colorTransform":{"bO":0,"aM":75,"rM":100,"aO":0,"gM":100,"rO":0,"bM":100,"gO":0},"tweenEasing":0},{"z":0,"duration":2,"transform":{"pY":0,"scX":1,"x":4,"scY":1,"y":-59.5,"skX":0,"pX":0,"skY":0},"colorTransform":{"bO":0,"aM":95,"rM":100,"aO":0,"gM":100,"rO":0,"bM":100,"gO":0},"tweenEasing":0},{"transform":{"pY":0,"scX":1,"x":4,"scY":1,"y":-21.5,"skX":0,"pX":0,"skY":0},"z":0,"duration":21},{"z":0,"duration":1,"transform":{"pY":0,"scX":1,"x":4,"scY":1,"y":-21.5,"skX":0,"pX":0,"skY":0},"colorTransform":{"bO":0,"aM":0,"rM":100,"aO":0,"gM":100,"rO":0,"bM":100,"gO":0}},{"duration":33,"displayIndex":-1}],"offset":0},{"name":2,"scale":1,"frame":[{"z":1,"duration":3,"transform":{"pY":0,"scX":1,"x":-3,"scY":1,"y":-1038.5,"skX":0,"pX":0,"skY":0},"colorTransform":{"bO":0,"aM":0,"rM":100,"aO":0,"gM":100,"rO":0,"bM":100,"gO":0},"tweenEasing":0},{"z":1,"duration":3,"transform":{"pY":0,"scX":1,"x":-3,"scY":1,"y":-468.5,"skX":0,"pX":0,"skY":0},"colorTransform":{"bO":0,"aM":75,"rM":100,"aO":0,"gM":100,"rO":0,"bM":100,"gO":0},"tweenEasing":0},{"z":1,"duration":2,"transform":{"pY":0,"scX":1,"x":-3,"scY":1,"y":-316.5,"skX":0,"pX":0,"skY":0},"colorTransform":{"bO":0,"aM":95,"rM":100,"aO":0,"gM":100,"rO":0,"bM":100,"gO":0},"tweenEasing":0},{"transform":{"pY":0,"scX":1,"x":-3,"scY":1,"y":-278.5,"skX":0,"pX":0,"skY":0},"z":1,"duration":20},{"z":1,"duration":3,"transform":{"pY":0,"scX":1,"x":-3,"scY":1,"y":-278.5,"skX":0,"pX":0,"skY":0},"tweenEasing":0},{"z":1,"duration":2,"transform":{"pY":0,"scX":1.06,"x":-3,"scY":1.06,"y":-278.5,"skX":0,"pX":0,"skY":0},"colorTransform":{"bO":0,"aM":25,"rM":100,"aO":0,"gM":100,"rO":0,"bM":100,"gO":0},"tweenEasing":0},{"z":1,"duration":3,"transform":{"pY":0,"scX":1.01,"x":-3,"scY":1.01,"y":-278.55,"skX":0,"pX":0,"skY":0},"colorTransform":{"bO":0,"aM":5,"rM":100,"aO":0,"gM":100,"rO":0,"bM":100,"gO":0},"tweenEasing":0},{"z":1,"duration":1,"transform":{"pY":0,"scX":1,"x":-3,"scY":1,"y":-278.5,"skX":0,"pX":0,"skY":0},"colorTransform":{"bO":0,"aM":0,"rM":100,"aO":0,"gM":100,"rO":0,"bM":100,"gO":0}},{"duration":26,"displayIndex":-1}],"offset":0},{"name":4,"scale":1,"frame":[{"duration":51,"displayIndex":-1},{"z":2,"duration":2,"transform":{"pY":0,"scX":0.3,"x":4.45,"scY":0.53,"y":-25.95,"skX":0,"pX":0,"skY":0},"tweenEasing":0},{"z":2,"duration":2,"transform":{"pY":0,"scX":0.3,"x":-153.9,"scY":0.53,"y":147.4,"skX":0,"pX":0,"skY":0},"tweenEasing":0},{"z":2,"duration":2,"transform":{"pY":0,"scX":0.3,"x":-177.65,"scY":0.53,"y":173.45,"skX":0,"pX":0,"skY":0},"tweenEasing":0},{"z":2,"duration":5,"transform":{"pY":0,"scX":0.3,"x":-185.6,"scY":0.53,"y":182.1,"skX":0,"pX":0,"skY":0},"tweenEasing":0},{"z":2,"duration":1,"transform":{"pY":0,"scX":0.3,"x":-185.6,"scY":0.53,"y":182.1,"skX":0,"pX":0,"skY":0},"colorTransform":{"bO":0,"aM":0,"rM":100,"aO":0,"gM":100,"rO":0,"bM":100,"gO":0},"tweenEasing":0}],"offset":0},{"name":3,"scale":1,"frame":[{"duration":52,"displayIndex":-1},{"z":3,"duration":1,"transform":{"pY":0,"scX":-1,"x":-0.9,"scY":1,"y":-48.95,"skX":180,"pX":0,"skY":-180},"tweenEasing":0},{"z":3,"duration":2,"transform":{"pY":0,"scX":-1,"x":-79.95,"scY":1,"y":38.6,"skX":180,"pX":0,"skY":-180},"tweenEasing":0},{"z":3,"duration":2,"transform":{"pY":0,"scX":-1,"x":-100.1,"scY":1,"y":63.7,"skX":180,"pX":0,"skY":-180},"tweenEasing":0},{"z":3,"duration":5,"transform":{"pY":0,"scX":-1,"x":-107.9,"scY":1,"y":72.1,"skX":180,"pX":0,"skY":-180},"tweenEasing":0},{"z":3,"duration":1,"transform":{"pY":0,"scX":-1,"x":-107.9,"scY":1,"y":72.1,"skX":180,"pX":0,"skY":-180},"colorTransform":{"bO":0,"aM":0,"rM":100,"aO":0,"gM":100,"rO":0,"bM":100,"gO":0}}],"offset":0},{"name":6,"scale":1,"frame":[{"duration":49,"displayIndex":-1},{"z":4,"duration":2,"transform":{"pY":0,"scX":0.3,"x":4.45,"scY":0.53,"y":-25.95,"skX":0,"pX":0,"skY":0},"tweenEasing":0},{"z":4,"duration":2,"transform":{"pY":0,"scX":0.3,"x":3.1,"scY":0.53,"y":110.75,"skX":0,"pX":0,"skY":0},"tweenEasing":0},{"z":4,"duration":2,"transform":{"pY":0,"scX":0.3,"x":2.6,"scY":0.53,"y":162,"skX":0,"pX":0,"skY":0},"tweenEasing":0},{"transform":{"pY":0,"scX":0.3,"x":2.45,"scY":0.53,"y":179.1,"skX":0,"pX":0,"skY":0},"z":4,"duration":2},{"z":4,"duration":5,"transform":{"pY":0,"scX":0.3,"x":2.45,"scY":0.53,"y":179.1,"skX":0,"pX":0,"skY":0},"tweenEasing":0},{"z":4,"duration":1,"transform":{"pY":0,"scX":0.3,"x":2.45,"scY":0.53,"y":179.1,"skX":0,"pX":0,"skY":0},"colorTransform":{"bO":0,"aM":0,"rM":100,"aO":0,"gM":100,"rO":0,"bM":100,"gO":0},"tweenEasing":0}],"offset":0},{"name":5,"scale":1,"frame":[{"duration":51,"displayIndex":-1},{"z":5,"duration":2,"transform":{"pY":0,"scX":-1,"x":5,"scY":1,"y":-62,"skX":180,"pX":0,"skY":-180},"tweenEasing":0},{"z":5,"duration":2,"transform":{"pY":0,"scX":-1,"x":4,"scY":1,"y":-12,"skX":180,"pX":0,"skY":-180},"tweenEasing":0},{"z":5,"duration":5,"transform":{"pY":0,"scX":-1,"x":5,"scY":1,"y":2,"skX":180,"pX":0,"skY":-180},"tweenEasing":0},{"z":5,"duration":1,"transform":{"pY":0,"scX":-1,"x":5,"scY":1,"y":2,"skX":180,"pX":0,"skY":-180},"colorTransform":{"bO":0,"aM":0,"rM":100,"aO":0,"gM":100,"rO":0,"bM":100,"gO":0},"tweenEasing":0},{"duration":2,"displayIndex":-1}],"offset":0},{"name":8,"scale":1,"frame":[{"duration":47,"displayIndex":-1},{"z":6,"duration":2,"transform":{"pY":0,"scX":0.3,"x":4.45,"scY":0.53,"y":-25.95,"skX":0,"pX":0,"skY":0},"tweenEasing":0},{"z":6,"duration":2,"transform":{"pY":0,"scX":0.3,"x":157.85,"scY":0.53,"y":145.75,"skX":0,"pX":0,"skY":0},"tweenEasing":0},{"z":6,"duration":2,"transform":{"pY":0,"scX":0.3,"x":180.9,"scY":0.53,"y":171.5,"skX":0,"pX":0,"skY":0},"tweenEasing":0},{"transform":{"pY":0,"scX":0.3,"x":188.55,"scY":0.53,"y":180.1,"skX":0,"pX":0,"skY":0},"z":6,"duration":4},{"z":6,"duration":5,"transform":{"pY":0,"scX":0.3,"x":188.55,"scY":0.53,"y":180.1,"skX":0,"pX":0,"skY":0},"tweenEasing":0},{"z":6,"duration":1,"transform":{"pY":0,"scX":0.3,"x":188.55,"scY":0.53,"y":180.1,"skX":0,"pX":0,"skY":0},"colorTransform":{"bO":0,"aM":0,"rM":100,"aO":0,"gM":100,"rO":0,"bM":100,"gO":0},"tweenEasing":0}],"offset":0},{"name":7,"scale":1,"frame":[{"duration":48,"displayIndex":-1},{"z":7,"duration":1,"transform":{"pY":0,"scX":1,"x":8.1,"scY":1,"y":-43.95,"skX":180,"pX":0,"skY":180},"tweenEasing":0},{"z":7,"duration":2,"transform":{"pY":0,"scX":1,"x":78.75,"scY":1,"y":35.9,"skX":180,"pX":0,"skY":180},"tweenEasing":0},{"z":7,"duration":2,"transform":{"pY":0,"scX":1,"x":102.1,"scY":1,"y":60.05,"skX":180,"pX":0,"skY":180},"tweenEasing":0},{"z":7,"duration":4,"transform":{"pY":0,"scX":1,"x":110.1,"scY":1,"y":68.1,"skX":180,"pX":0,"skY":180},"tweenEasing":0},{"z":7,"duration":1,"transform":{"pY":0,"scX":1,"x":110.1,"scY":1,"y":68.1,"skX":180,"pX":0,"skY":180},"colorTransform":{"bO":0,"aM":0,"rM":100,"aO":0,"gM":100,"rO":0,"bM":100,"gO":0},"tweenEasing":0},{"duration":5,"displayIndex":-1}],"offset":0},{"name":10,"scale":1,"frame":[{"duration":45,"displayIndex":-1},{"z":8,"duration":2,"transform":{"pY":0,"scX":0.3,"x":4.45,"scY":0.53,"y":-25.95,"skX":0,"pX":0,"skY":0},"tweenEasing":0},{"z":8,"duration":2,"transform":{"pY":0,"scX":0.3,"x":157.85,"scY":0.53,"y":-268.5,"skX":0,"pX":0,"skY":0},"tweenEasing":0},{"z":8,"duration":2,"transform":{"pY":0,"scX":0.3,"x":180.9,"scY":0.53,"y":-304.85,"skX":0,"pX":0,"skY":0},"tweenEasing":0},{"transform":{"pY":0,"scX":0.3,"x":188.55,"scY":0.53,"y":-317,"skX":0,"pX":0,"skY":0},"z":8,"duration":6},{"z":8,"duration":5,"transform":{"pY":0,"scX":0.3,"x":188.55,"scY":0.53,"y":-317,"skX":0,"pX":0,"skY":0},"tweenEasing":0},{"z":8,"duration":1,"transform":{"pY":0,"scX":0.3,"x":188.55,"scY":0.53,"y":-317,"skX":0,"pX":0,"skY":0},"colorTransform":{"bO":0,"aM":0,"rM":100,"aO":0,"gM":100,"rO":0,"bM":100,"gO":0},"tweenEasing":0}],"offset":0},{"name":9,"scale":1,"frame":[{"duration":46,"displayIndex":-1},{"z":9,"duration":1,"transform":{"pY":0,"scX":-1,"x":9.1,"scY":1,"y":-45.95,"skX":0,"pX":0,"skY":0},"tweenEasing":0},{"z":9,"duration":2,"transform":{"pY":0,"scX":-1,"x":87.1,"scY":1,"y":-160.95,"skX":0,"pX":0,"skY":0},"tweenEasing":0},{"z":9,"duration":2,"transform":{"pY":0,"scX":-1,"x":109.1,"scY":1,"y":-196.95,"skX":0,"pX":0,"skY":0},"tweenEasing":0},{"z":9,"duration":3,"transform":{"pY":0,"scX":-1,"x":111.35,"scY":1,"y":-203.95,"skX":0,"pX":0,"skY":0},"tweenEasing":0},{"z":9,"duration":1,"transform":{"pY":0,"scX":-1,"x":111.35,"scY":1,"y":-203.95,"skX":0,"pX":0,"skY":0},"colorTransform":{"bO":0,"aM":25,"rM":100,"aO":0,"gM":100,"rO":0,"bM":100,"gO":0},"tweenEasing":0},{"z":9,"duration":1,"transform":{"pY":0,"scX":-1,"x":111.35,"scY":1,"y":-203.95,"skX":0,"pX":0,"skY":0},"colorTransform":{"bO":0,"aM":0,"rM":100,"aO":0,"gM":100,"rO":0,"bM":100,"gO":0},"tweenEasing":0},{"duration":7,"displayIndex":-1}],"offset":0},{"name":12,"scale":1,"frame":[{"duration":43,"displayIndex":-1},{"z":10,"duration":2,"transform":{"pY":0,"scX":0.3,"x":4.45,"scY":0.53,"y":-25.95,"skX":0,"pX":0,"skY":0},"tweenEasing":0},{"z":10,"duration":2,"transform":{"pY":0,"scX":0.3,"x":1.8,"scY":0.53,"y":-219.95,"skX":0,"pX":0,"skY":0},"tweenEasing":0},{"z":10,"duration":2,"transform":{"pY":0,"scX":0.3,"x":0.8,"scY":0.53,"y":-292.7,"skX":0,"pX":0,"skY":0},"tweenEasing":0},{"transform":{"pY":0,"scX":0.3,"x":0.45,"scY":0.53,"y":-316.95,"skX":0,"pX":0,"skY":0},"z":10,"duration":8},{"z":10,"duration":5,"transform":{"pY":0,"scX":0.3,"x":0.45,"scY":0.53,"y":-316.95,"skX":0,"pX":0,"skY":0},"tweenEasing":0},{"z":10,"duration":1,"transform":{"pY":0,"scX":0.3,"x":0.45,"scY":0.53,"y":-316.95,"skX":0,"pX":0,"skY":0},"colorTransform":{"bO":0,"aM":0,"rM":100,"aO":0,"gM":100,"rO":0,"bM":100,"gO":0},"tweenEasing":0}],"offset":0},{"name":11,"scale":1,"frame":[{"duration":47,"displayIndex":-1},{"z":11,"duration":1,"transform":{"pY":0,"scX":1,"x":0,"scY":1,"y":-117,"skX":0,"pX":0,"skY":0},"tweenEasing":0},{"z":11,"duration":1,"transform":{"pY":0,"scX":1,"x":1,"scY":1,"y":-128.5,"skX":0,"pX":0,"skY":0},"tweenEasing":0},{"z":11,"duration":4,"transform":{"pY":-0.05,"scX":1,"x":1,"scY":1,"y":-139.5,"skX":0,"pX":0,"skY":0},"tweenEasing":0},{"z":11,"duration":1,"transform":{"pY":-0.05,"scX":1,"x":0,"scY":1,"y":-141,"skX":0,"pX":0,"skY":0},"colorTransform":{"bO":0,"aM":0,"rM":100,"aO":0,"gM":100,"rO":0,"bM":100,"gO":0},"tweenEasing":0},{"duration":9,"displayIndex":-1}],"offset":0},{"name":14,"scale":1,"frame":[{"duration":41,"displayIndex":-1},{"z":12,"duration":2,"transform":{"pY":0,"scX":0.3,"x":4.45,"scY":0.53,"y":-25.95,"skX":0,"pX":0,"skY":0},"tweenEasing":0},{"z":12,"duration":2,"transform":{"pY":0,"scX":0.3,"x":-155.6,"scY":0.53,"y":-268.5,"skX":0,"pX":0,"skY":0},"tweenEasing":0},{"z":12,"duration":2,"transform":{"pY":0,"scX":0.3,"x":-179.6,"scY":0.53,"y":-304.85,"skX":0,"pX":0,"skY":0},"tweenEasing":0},{"transform":{"pY":0,"scX":0.3,"x":-187.6,"scY":0.53,"y":-317,"skX":0,"pX":0,"skY":0},"z":12,"duration":10},{"z":12,"duration":5,"transform":{"pY":0,"scX":0.3,"x":-187.6,"scY":0.53,"y":-317,"skX":0,"pX":0,"skY":0},"tweenEasing":0},{"z":12,"duration":1,"transform":{"pY":0,"scX":0.3,"x":-187.6,"scY":0.53,"y":-317,"skX":0,"pX":0,"skY":0},"colorTransform":{"bO":0,"aM":0,"rM":100,"aO":0,"gM":100,"rO":0,"bM":100,"gO":0},"tweenEasing":0}],"offset":0},{"name":13,"scale":1,"frame":[{"duration":42,"displayIndex":-1},{"z":13,"duration":1,"transform":{"pY":0,"scX":1,"x":-5,"scY":1,"y":-41.35,"skX":0,"pX":0,"skY":0},"tweenEasing":0},{"z":13,"duration":2,"transform":{"pY":0,"scX":1,"x":-82.45,"scY":1,"y":-168.15,"skX":0,"pX":-0.05,"skY":0},"tweenEasing":0},{"z":13,"duration":2,"transform":{"pY":0,"scX":1,"x":-105.3,"scY":1,"y":-195.25,"skX":0,"pX":-0.05,"skY":0},"tweenEasing":0},{"z":13,"duration":4,"transform":{"pY":0,"scX":1,"x":-112.15,"scY":1,"y":-210.4,"skX":0,"pX":-0.05,"skY":0},"tweenEasing":0},{"z":13,"duration":1,"transform":{"pY":0,"scX":1,"x":-112.15,"scY":1,"y":-210.4,"skX":0,"pX":-0.05,"skY":0},"colorTransform":{"bO":0,"aM":0,"rM":100,"aO":0,"gM":100,"rO":0,"bM":100,"gO":0}},{"duration":11,"displayIndex":-1}],"offset":0},{"name":15,"scale":1,"frame":[{"duration":25,"displayIndex":-1},{"z":14,"duration":4,"transform":{"pY":0,"scX":1,"x":4,"scY":1,"y":-21.5,"skX":0,"pX":0,"skY":0},"colorTransform":{"bO":0,"aM":0,"rM":100,"aO":0,"gM":100,"rO":0,"bM":100,"gO":0},"tweenEasing":0},{"z":14,"duration":1,"transform":{"pY":0,"scX":1,"x":4,"scY":1,"y":-21.5,"skX":0,"pX":0,"skY":0},"colorTransform":{"bO":0,"aM":80,"rM":100,"aO":0,"gM":100,"rO":0,"bM":100,"gO":0},"tweenEasing":0},{"z":14,"duration":3,"transform":{"pY":0,"scX":1,"x":4,"scY":1,"y":-21.5,"skX":0,"pX":0,"skY":0},"tweenEasing":0},{"z":14,"duration":3,"transform":{"pY":0,"scX":0.42,"x":4.4,"scY":0.61,"y":-25.2,"skX":0,"pX":0,"skY":0},"tweenEasing":0},{"transform":{"pY":0,"scX":0.3,"x":4.45,"scY":0.53,"y":-25.95,"skX":0,"pX":0,"skY":0},"z":14,"duration":15},{"z":14,"duration":1,"transform":{"pY":0,"scX":0.3,"x":4.45,"scY":0.53,"y":-25.95,"skX":0,"pX":0,"skY":0},"colorTransform":{"bO":0,"aM":0,"rM":100,"aO":0,"gM":100,"rO":0,"bM":100,"gO":0}},{"duration":11,"displayIndex":-1}],"offset":0}],"duration":63,"scale":1,"loop":1,"tweenEasing":null,"name":"faka","fadeInTime":0}]}],"version":2.3}