{"frameRate":24,"name":"faguang","armature":[{"name":"faguangku/idle","bone":[{"transform":{"skX":0,"scY":0.28,"x":-0.6,"skY":0,"y":0.95,"scX":0.09},"name":1},{"transform":{"skX":0,"scY":0.21,"x":1.85,"skY":0,"y":-0.65,"scX":0.21},"name":3},{"transform":{"skX":0,"scY":0.21,"x":1.85,"skY":0,"y":-0.65,"scX":0.21},"name":4},{"transform":{"skX":0,"scY":0.17,"x":1.85,"skY":0,"y":-0.65,"scX":0.17},"name":5}],"skin":[{"slot":[{"name":1,"z":0,"display":[{"transform":{"pY":18.9,"scY":1,"x":0,"y":0,"skX":0,"skY":0,"pX":121.25,"scX":1},"name":"faguangku/fg_4","type":"image"}],"parent":1},{"name":3,"z":1,"display":[{"transform":{"pY":101.7,"scY":1,"x":0,"y":0,"skX":0,"skY":0,"pX":101.7,"scX":1},"name":"faguangku/fg_3","type":"image"}],"parent":3},{"name":4,"z":2,"display":[{"transform":{"pY":63.8,"scY":1,"x":0,"y":0,"skX":0,"skY":0,"pX":63.8,"scX":1},"name":"faguangku/fg_2","type":"image"}],"parent":4},{"name":5,"z":3,"display":[{"transform":{"pY":84.95,"scY":1,"x":0,"y":0,"skX":0,"skY":0,"pX":84.95,"scX":1},"name":"faguangku/fg_1","type":"image"}],"parent":5}],"name":"default"}],"animation":[{"autoTween":1,"timeline":[{"name":1,"scale":1,"frame":[{"z":0,"duration":2,"transform":{"pY":0,"scY":0.28,"x":-0.6,"y":0.95,"skX":0,"skY":0,"pX":0,"scX":0.09},"colorTransform":{"aM":35,"rM":100,"aO":0,"gM":100,"rO":0,"bM":100,"gO":0,"bO":0},"tweenEasing":0},{"z":0,"duration":1,"transform":{"pY":0,"scY":0.47,"x":-0.6,"y":0.95,"skX":0,"skY":0,"pX":0,"scX":0.13},"colorTransform":{"aM":17,"rM":100,"aO":0,"gM":100,"rO":0,"bM":100,"gO":0,"bO":0},"tweenEasing":0},{"z":0,"duration":1,"transform":{"pY":0,"scY":0.52,"x":-0.6,"y":0.95,"skX":0,"skY":0,"pX":0,"scX":0.15},"tweenEasing":0},{"z":0,"duration":2,"transform":{"pY":0,"scY":1,"x":0.55,"y":1.55,"skX":0,"skY":0,"pX":0,"scX":1},"tweenEasing":0},{"z":0,"duration":5,"transform":{"pY":0,"scY":0.26,"x":-0.6,"y":0.95,"skX":0,"skY":0,"pX":0,"scX":0.61},"colorTransform":{"aM":41,"rM":100,"aO":0,"gM":100,"rO":0,"bM":100,"gO":0,"bO":0},"tweenEasing":0},{"z":0,"duration":9,"transform":{"pY":0,"scY":0.22,"x":-0.6,"y":0.95,"skX":0,"skY":0,"pX":0,"scX":0.61},"colorTransform":{"aM":22,"rM":100,"aO":0,"gM":100,"rO":0,"bM":100,"gO":0,"bO":0},"tweenEasing":0},{"z":0,"duration":1,"transform":{"pY":0,"scY":0.2,"x":-0.6,"y":0.95,"skX":0,"skY":0,"pX":0,"scX":0.61},"colorTransform":{"aM":0,"rM":100,"aO":0,"gM":100,"rO":0,"bM":100,"gO":0,"bO":0},"tweenEasing":0}],"offset":0},{"name":3,"scale":1,"frame":[{"duration":2,"displayIndex":-1},{"z":1,"duration":1,"transform":{"pY":0,"scY":0.21,"x":1.85,"y":-0.65,"skX":0,"skY":0,"pX":0,"scX":0.21},"tweenEasing":0},{"z":1,"duration":9,"transform":{"pY":0,"scY":1,"x":2.15,"y":-0.35,"skX":0,"skY":0,"pX":0,"scX":1},"tweenEasing":0},{"z":1,"duration":1,"transform":{"pY":0,"scY":0.25,"x":1.85,"y":-0.65,"skX":0,"skY":0,"pX":0,"scX":0.25},"colorTransform":{"aM":0,"rM":100,"aO":0,"gM":100,"rO":0,"bM":100,"gO":0,"bO":0},"tweenEasing":0},{"duration":8,"displayIndex":-1}],"offset":0},{"name":4,"scale":1,"frame":[{"duration":2,"displayIndex":-1},{"z":2,"duration":3,"transform":{"pY":0,"scY":0.21,"x":1.85,"y":-0.65,"skX":0,"skY":0,"pX":0,"scX":0.21},"tweenEasing":0},{"z":2,"duration":11,"transform":{"pY":0,"scY":1,"x":1.85,"y":-0.65,"skX":0,"skY":0,"pX":0,"scX":1},"tweenEasing":0},{"z":2,"duration":1,"transform":{"pY":0,"scY":1.2,"x":1.85,"y":-0.65,"skX":0,"skY":0,"pX":0,"scX":1.2},"colorTransform":{"aM":0,"rM":100,"aO":0,"gM":100,"rO":0,"bM":100,"gO":0,"bO":0},"tweenEasing":0},{"duration":4,"displayIndex":-1}],"offset":0},{"name":5,"scale":1,"frame":[{"duration":2,"displayIndex":-1},{"z":3,"duration":2,"transform":{"pY":0,"scY":0.17,"x":1.85,"y":-0.65,"skX":0,"skY":0,"pX":0,"scX":0.17},"tweenEasing":0},{"z":3,"duration":4,"transform":{"pY":0,"scY":1,"x":1.85,"y":-0.65,"skX":0,"skY":0,"pX":0,"scX":1},"tweenEasing":0},{"z":3,"duration":5,"transform":{"pY":0,"scY":0.24,"x":1.85,"y":-0.65,"skX":0,"skY":0,"pX":0,"scX":0.24},"colorTransform":{"aM":51,"rM":100,"aO":0,"gM":100,"rO":0,"bM":100,"gO":0,"bO":0},"tweenEasing":0},{"z":3,"duration":1,"transform":{"pY":0,"scY":0.25,"x":1.85,"y":-0.65,"skX":0,"skY":0,"pX":0,"scX":0.25},"colorTransform":{"aM":0,"rM":100,"aO":0,"gM":100,"rO":0,"bM":100,"gO":0,"bO":0},"tweenEasing":0},{"duration":7,"displayIndex":-1}],"offset":0}],"duration":21,"scale":1,"loop":1,"tweenEasing":null,"name":"faguang","fadeInTime":0}]}],"version":2.3}